<?xml version="1.0" encoding="UTF-8"?>
<project-private xmlns="http://www.netbeans.org/ns/project-private/1">
    <editor-bookmarks xmlns="http://www.netbeans.org/ns/editor-bookmarks/2" lastBookmarkId="0"/>
    <open-files xmlns="http://www.netbeans.org/ns/projectui-open-files/2">
        <group>
            <file>file:/C:/Users/bomby/OneDrive/Documents/NetBeansProjects/COOP/build/web/display_company_ja.jsp</file>
            <file>file:/C:/Users/bomby/OneDrive/Documents/NetBeansProjects/COOP/src/java/control/ControlAll.java</file>
            <file>file:/C:/Users/bomby/OneDrive/Documents/NetBeansProjects/COOP/build/web/display_student_job_list.jsp</file>
            <file>file:/C:/Users/bomby/OneDrive/Documents/NetBeansProjects/COOP/src/java/dbbeans/StudentBean.java</file>
            <file>file:/C:/Users/bomby/OneDrive/Documents/NetBeansProjects/COOP/web/display_company.jsp</file>
            <file>file:/C:/Users/bomby/OneDrive/Documents/NetBeansProjects/COOP/web/register_company.jsp</file>
            <file>file:/C:/Users/bomby/OneDrive/Documents/NetBeansProjects/COOP/web/register_student.jsp</file>
            <file>file:/C:/Users/bomby/OneDrive/Documents/NetBeansProjects/COOP/web/display_company_jobl.jsp</file>
            <file>file:/C:/Users/bomby/OneDrive/Documents/NetBeansProjects/COOP/web/register_moderator.jsp</file>
            <file>file:/C:/Users/bomby/OneDrive/Documents/NetBeansProjects/COOP/web/WEB-INF/web.xml</file>
            <file>file:/C:/Users/bomby/OneDrive/Documents/NetBeansProjects/COOP/src/java/control/Control.java</file>
            <file>file:/C:/Users/bomby/OneDrive/Documents/NetBeansProjects/COOP/web/index.jsp</file>
        </group>
    </open-files>
</project-private>
