<?xml version="1.0" encoding="UTF-8"?>
<project-private xmlns="http://www.netbeans.org/ns/project-private/1">
    <editor-bookmarks xmlns="http://www.netbeans.org/ns/editor-bookmarks/2" lastBookmarkId="0"/>
    <open-files xmlns="http://www.netbeans.org/ns/projectui-open-files/2">
        <group>
            <file>file:/C:/Users/bomby/OneDrive/Documents/NetBeansProjects/COOP/src/java/control/ControlAll.java</file>
            <file>file:/C:/Users/bomby/OneDrive/Documents/NetBeansProjects/COOP/web/display_company.jsp</file>
            <file>file:/C:/Users/bomby/OneDrive/Documents/NetBeansProjects/COOP/web/upvote.jsp</file>
            <file>file:/C:/Users/bomby/OneDrive/Documents/NetBeansProjects/COOP/src/java/dbbeans/JobAppliedBean.java</file>
            <file>file:/C:/Users/bomby/OneDrive/Documents/NetBeansProjects/COOP/src/java/dbbeans/JobBean.java</file>
            <file>file:/C:/Users/bomby/OneDrive/Documents/NetBeansProjects/COOP/src/java/dbbeans/ResumeBean.java</file>
            <file>file:/C:/Users/bomby/OneDrive/Documents/NetBeansProjects/COOP/src/java/dbbeans/CompanyBean.java</file>
            <file>file:/C:/Users/bomby/OneDrive/Documents/NetBeansProjects/COOP/web/display_resume_review.jsp</file>
            <file>file:/C:/Users/bomby/OneDrive/Documents/NetBeansProjects/COOP/web/display_resume_review_afterlogin.jsp</file>
            <file>file:/C:/Users/bomby/OneDrive/Documents/NetBeansProjects/COOP/web/display_company_afterlogin.jsp</file>
            <file>file:/C:/Users/bomby/OneDrive/Documents/NetBeansProjects/COOP/web/display_resume.jsp</file>
            <file>file:/C:/Users/bomby/OneDrive/Documents/NetBeansProjects/COOP/web/hired.jsp</file>
            <file>file:/C:/Users/bomby/OneDrive/Documents/NetBeansProjects/COOP/web/display_company_ja.jsp</file>
        </group>
    </open-files>
</project-private>
